id,firstName,lastName,email,gender,age
34-9795107,Vlad,Le Quesne,vlequesne0@wikispaces.com,Male,60
47-1279620,Juli,Bumpas,jbumpas1@qq.com,Female,47
76-3693749,Micheal,Sedger,msedger2@printfriendly.com,Male,17
70-6700140,Tobye,Janicijevic,tjanicijevic3@so-net.ne.jp,Non-binary,58
96-7339156,Atalanta,Tomashov,atomashov4@fema.gov,Female,19
14-4355690,Emyle,Danilyuk,edanilyuk5@state.tx.us,Female,37
33-4350875,Ardeen,Cripwell,acripwell6@theguardian.com,Female,48
34-3267499,Lisle,Lozano,llozano7@i2i.jp,Male,77
36-8661292,Egor,Crumly,ecrumly8@goodreads.com,Male,76
79-5742307,Gwennie,Guerre,gguerre9@cloudflare.com,Female,44
35-3838899,Reube,Kinchley,rkinchleya@shareasale.com,Male,47
27-1429716,Isabeau,Chadbourn,ichadbournb@gmpg.org,Female,72
03-0110576,Jasen,Meriot,jmeriotc@pinterest.com,Male,15
11-4292492,Gerhardt,Boeck,gboeckd@wisc.edu,Male,46
44-2431646,Ivy,Ginglell,iginglelle@si.edu,Female,45
19-1612667,Micky,Gallehawk,mgallehawkf@privacy.gov.au,Non-binary,18
10-0649121,Sukey,Cowans,scowansg@multiply.com,Non-binary,49
44-2568844,Coralie,Byllam,cbyllamh@lulu.com,Female,54
74-2335199,Ado,Rowney,arowneyi@pcworld.com,Male,4
31-2015085,Abey,Burdett,aburdettj@sun.com,Male,46
67-2778107,Connie,Chander,cchanderk@pcworld.com,Female,18
51-0683131,Kara-lynn,Gerriet,kgerrietl@usa.gov,Female,78
77-7690766,Nickolas,O'Connor,noconnorm@unicef.org,Male,43
13-7782415,Jobi,Todarini,jtodarinin@europa.eu,Female,55
55-4902910,Dewie,Snookes,dsnookeso@earthlink.net,Male,70
18-5100930,Vassily,Degg,vdeggp@addtoany.com,Male,56
84-4348730,Harri,Gwillym,hgwillymq@cisco.com,Polygender,16
13-0467383,Marysa,Borgnet,mborgnetr@acquirethisname.com,Female,51
24-3001961,Leonidas,Jeckell,ljeckells@tinypic.com,Male,26
11-0220300,Flemming,Byk,fbykt@51.la,Male,40
76-9734628,Katalin,Jellett,kjellettu@live.com,Female,7
34-3129379,Carny,Doram,cdoramv@lycos.com,Male,43
03-3701763,Arlene,MacGinney,amacginneyw@newyorker.com,Polygender,1
55-1093920,Eugen,Tappington,etappingtonx@japanpost.jp,Male,64
66-0759055,Husain,Chestney,hchestneyy@washingtonpost.com,Male,21
83-9675298,Iggy,Pearl,ipearlz@scribd.com,Non-binary,66
40-9163670,Avis,Gibby,agibby10@about.me,Female,70
34-0469956,Nertie,Nortunen,nnortunen11@elegantthemes.com,Female,45
61-6003527,Tarah,Attenbrough,tattenbrough12@illinois.edu,Genderfluid,59
03-9673734,Chico,Burth,cburth13@tinypic.com,Male,44
55-0598150,Gabrila,Kemble,gkemble14@pbs.org,Female,44
57-5697881,Lenard,Hender,lhender15@hhs.gov,Non-binary,24
26-1332103,Chad,Utterson,cutterson16@comcast.net,Female,7
16-7683296,Terrie,Methley,tmethley17@ed.gov,Female,34
84-9638054,Mara,Jamieson,mjamieson18@springer.com,Female,61
00-1112440,Nelson,Stait,nstait19@dmoz.org,Male,55
16-8174150,Maurizio,Novic,mnovic1a@ovh.net,Male,69
88-2356347,Corinne,Strodder,cstrodder1b@jigsy.com,Female,29
82-4028180,Oralle,Swigger,oswigger1c@bravesites.com,Genderqueer,10
20-3705141,Farrah,Pandie,fpandie1d@skype.com,Non-binary,73
94-0835709,Torrin,Erwin,terwin1e@geocities.com,Male,34
29-7246167,Rowney,Bromhead,rbromhead1f@ihg.com,Male,33
24-5357557,Kathye,Hardesty,khardesty1g@eepurl.com,Female,55
47-4057564,Rockie,Northleigh,rnorthleigh1h@spotify.com,Male,62
77-2789666,Lorry,Hanigan,lhanigan1i@salon.com,Male,74
89-6896760,Lona,Bree,lbree1j@hatena.ne.jp,Female,60
54-3262504,Nona,Benstead,nbenstead1k@geocities.jp,Female,66
35-2227439,Genia,Chimienti,gchimienti1l@squarespace.com,Female,73
75-0660474,Eugen,Cufley,ecufley1m@posterous.com,Male,67
33-3361667,Wyn,Shercliff,wshercliff1n@time.com,Male,61
06-1575238,Drucie,Jantel,djantel1o@taobao.com,Female,33
17-4824597,Jarrid,Olensby,jolensby1p@marketwatch.com,Male,58
44-1556671,Elicia,Gerrans,egerrans1q@si.edu,Female,45
86-9444173,Manolo,Rickardsson,mrickardsson1r@arstechnica.com,Male,25
59-2533787,Way,Vesty,wvesty1s@xing.com,Male,79
08-7632000,Nesta,Withers,nwithers1t@addthis.com,Female,51
51-1305476,Earlie,Turfrey,eturfrey1u@usda.gov,Male,59
55-4959940,Beitris,Glavin,bglavin1v@admin.ch,Female,19
99-6794174,Noel,Mynett,nmynett1w@ox.ac.uk,Male,33
34-5473614,Marita,Massingberd,mmassingberd1x@histats.com,Female,47
75-5799543,Lily,Blackmuir,lblackmuir1y@elegantthemes.com,Female,27
45-8123618,Alexis,Kedward,akedward1z@php.net,Genderfluid,51
42-2767516,Hyacintha,Meijer,hmeijer20@wikia.com,Female,53
52-0319532,Wally,Cutler,wcutler21@accuweather.com,Male,23
66-5908287,Adrianna,Fancourt,afancourt22@amazon.de,Female,30
94-7432720,Lawry,Hryskiewicz,lhryskiewicz23@angelfire.com,Male,74
08-0628614,Wenona,Spera,wspera24@taobao.com,Female,13
76-5610162,Julee,Calway,jcalway25@springer.com,Female,54
66-6084434,Jerrold,Verheyden,jverheyden26@house.gov,Male,63
66-0712235,Had,Halfhead,hhalfhead27@over-blog.com,Male,1
82-3950644,Guy,Skains,gskains28@mapy.cz,Male,6
12-7725063,Myer,Bichard,mbichard29@xing.com,Male,35
95-3546454,Bibbie,Claasen,bclaasen2a@mashable.com,Female,7
17-1652115,Loren,Klimmek,lklimmek2b@elegantthemes.com,Male,67
02-1051735,Arielle,Tongue,atongue2c@cyberchimps.com,Female,11
18-7111869,Hanson,Goundrill,hgoundrill2d@clickbank.net,Male,56
56-6367052,Caesar,Rennles,crennles2e@telegraph.co.uk,Male,13
11-4802785,Daryn,Hobbert,dhobbert2f@buzzfeed.com,Female,77
62-7571819,Pearline,Regnard,pregnard2g@google.fr,Female,19
85-3121404,Benjy,Iron,biron2h@phpbb.com,Male,64
56-4041439,Vernice,Crinidge,vcrinidge2i@issuu.com,Female,32
50-1576567,Addy,Baszkiewicz,abaszkiewicz2j@thetimes.co.uk,Female,77
83-9653166,Lynette,Elphinston,lelphinston2k@gov.uk,Female,44
51-3238250,Kahlil,Dorrity,kdorrity2l@hubpages.com,Male,51
85-3646914,Hatty,Dawbury,hdawbury2m@themeforest.net,Female,9
67-5893573,Giovanna,Colebeck,gcolebeck2n@discuz.net,Female,24
69-2305579,Elyse,Nurcombe,enurcombe2o@technorati.com,Female,70
68-8503155,Avivah,Miquelet,amiquelet2p@histats.com,Agender,2
81-5920439,Bernarr,Kitteman,bkitteman2q@surveymonkey.com,Male,8
41-6338675,Geoff,Hobbert,ghobbert2r@constantcontact.com,Male,1
90-0680221,Anatol,Knappen,aknappen2s@whitehouse.gov,Male,13
61-9971090,Hilarius,Gorries,hgorries2t@amazon.co.uk,Male,34
79-6971120,Nettie,Mosdall,nmosdall2u@yandex.ru,Bigender,65
12-0818515,Carlita,Stockdale,cstockdale2v@t.co,Female,62
24-4093348,Cristie,Eagar,ceagar2w@techcrunch.com,Female,5
10-5342747,Debra,Deetlefs,ddeetlefs2x@google.de,Female,24
06-3746146,Paolina,Eberts,peberts2y@census.gov,Female,39
39-0310872,Eugenie,Ryle,eryle2z@mtv.com,Female,50
20-8484969,Mureil,Elletson,melletson30@arizona.edu,Female,76
60-1637669,Rakel,Down,rdown31@home.pl,Female,35
02-0492350,Patten,Beckingham,pbeckingham32@histats.com,Male,3
98-9084478,Desdemona,Hounsom,dhounsom33@edublogs.org,Female,34
33-6759403,Dennis,Postans,dpostans34@chronoengine.com,Male,24
29-7309528,Hilton,Suttell,hsuttell35@free.fr,Male,41
19-1183630,Dorian,Shill,dshill36@npr.org,Female,11
53-7082938,Morie,Rains,mrains37@ebay.com,Genderqueer,66
89-6368881,Halimeda,Tomczykowski,htomczykowski38@shutterfly.com,Female,80
41-9887270,Gwenni,Maddyson,gmaddyson39@t.co,Female,72
69-9035101,Germaine,Birkin,gbirkin3a@newsvine.com,Male,35
26-3374440,Ely,Silver,esilver3b@fema.gov,Male,31
93-8311917,Thedric,Pengilly,tpengilly3c@behance.net,Male,5
77-5851661,Cyndy,Glanvill,cglanvill3d@accuweather.com,Female,32
04-1947164,Tyler,Alphonso,talphonso3e@prweb.com,Male,58
21-6303715,Lotte,Beetlestone,lbeetlestone3f@ifeng.com,Female,43
20-0737060,Emelia,Zorzetti,ezorzetti3g@army.mil,Female,17
74-1859266,Jenni,Lownie,jlownie3h@msn.com,Female,74
46-3891081,Concordia,Kubatsch,ckubatsch3i@latimes.com,Female,71
71-6538270,Ignacio,Nower,inower3j@shareasale.com,Male,46
06-9347833,Vivianne,Halliday,vhalliday3k@marketwatch.com,Female,44
28-6696888,Eliot,Ousby,eousby3l@geocities.jp,Male,10
80-5248328,Minna,Martinyuk,mmartinyuk3m@g.co,Female,29
42-6928272,Jammie,Dennis,jdennis3n@gravatar.com,Female,35
75-5237693,Idelle,Brownjohn,ibrownjohn3o@simplemachines.org,Female,19
16-3650534,Lemar,Bosket,lbosket3p@example.com,Male,67
20-0501049,Leeland,Cuell,lcuell3q@google.ca,Male,70
14-5399628,Aloysia,Hoffmann,ahoffmann3r@github.com,Female,58
21-1226303,Kikelia,Towers,ktowers3s@mlb.com,Female,10
42-5608968,Chloe,Ranklin,cranklin3t@ning.com,Female,52
47-4549979,Rhea,Maddox,rmaddox3u@behance.net,Genderqueer,39
34-1657474,Edwina,Marcham,emarcham3v@1und1.de,Female,52
98-9325128,Aili,Renhard,arenhard3w@blogtalkradio.com,Female,22
24-4899096,Bernelle,Chrippes,bchrippes3x@google.ca,Female,11
17-7113370,Constantine,Ockleshaw,cockleshaw3y@bbc.co.uk,Female,65
11-3454694,Valli,MacIlraith,vmacilraith3z@canalblog.com,Polygender,13
19-1031530,Staffard,Dollard,sdollard40@pinterest.com,Male,68
99-6220186,Boot,Tadlow,btadlow41@theguardian.com,Male,63
06-3842300,Amabelle,Penk,apenk42@sina.com.cn,Female,4
57-6614450,Kesley,Slograve,kslograve43@devhub.com,Genderfluid,40
30-1631384,Magdalene,Sheering,msheering44@blog.com,Genderfluid,73
19-4795462,Sauncho,Degoix,sdegoix45@blogspot.com,Male,19
08-5132569,Kimbra,Keunemann,kkeunemann46@accuweather.com,Female,56
44-1011820,Elysha,Rignold,erignold47@amazon.co.uk,Female,18
25-3972977,Ilysa,Tregenza,itregenza48@tripod.com,Female,50
27-4011665,Sylvan,Echallier,sechallier49@timesonline.co.uk,Male,39
55-6028192,Wendell,Ghelardi,wghelardi4a@cpanel.net,Polygender,75
50-3486491,Shandy,Ghilks,sghilks4b@baidu.com,Female,80
95-7798488,Jobie,Purse,jpurse4c@zdnet.com,Female,51
66-9283085,Alfy,Beneteau,abeneteau4d@joomla.org,Male,2
71-8553497,Reinhard,Ferie,rferie4e@is.gd,Male,14
41-4081090,Remus,Pursehouse,rpursehouse4f@vinaora.com,Male,47
46-6440909,Benoit,Knoton,bknoton4g@meetup.com,Male,6
87-9407141,Fleurette,McClancy,fmcclancy4h@digg.com,Agender,75
73-3309880,Orv,Gronous,ogronous4i@about.com,Male,30
13-7137780,Griz,Lacelett,glacelett4j@meetup.com,Male,47
94-2634643,Karole,Tuckwell,ktuckwell4k@youtube.com,Female,36
32-6526983,Karia,Mulran,kmulran4l@meetup.com,Female,18
25-5296715,Eachelle,Abramchik,eabramchik4m@hatena.ne.jp,Genderfluid,11
51-1707537,Marv,MacCathay,mmaccathay4n@sphinn.com,Male,78
60-3078293,Augustine,Ziemecki,aziemecki4o@skyrock.com,Male,11
79-3912443,Lurline,Shackelton,lshackelton4p@flavors.me,Female,2
03-3034865,Kelsi,Jeffcoate,kjeffcoate4q@360.cn,Female,51
50-9733234,Skip,Deakin,sdeakin4r@feedburner.com,Male,48
31-2430572,Denna,Sitford,dsitford4s@joomla.org,Female,60
81-2750879,Rodrick,Doumic,rdoumic4t@is.gd,Male,15
07-7929243,Alikee,Guidi,aguidi4u@utexas.edu,Female,4
60-9593981,Maurie,Jones,mjones4v@theglobeandmail.com,Male,43
79-5503408,Reeta,Veneur,rveneur4w@youku.com,Genderqueer,34
54-2442690,Scarlett,Carden,scarden4x@ca.gov,Female,67
63-3531338,Essy,Gresch,egresch4y@reverbnation.com,Female,34
72-2784301,Tan,Abbati,tabbati4z@microsoft.com,Male,9
87-0695182,Carly,Westcar,cwestcar50@goo.ne.jp,Male,37
55-9461269,Wilbert,Foddy,wfoddy51@washington.edu,Male,5
88-2764502,Arlen,Taig,ataig52@kickstarter.com,Male,11
33-1710958,Gaylord,Curry,gcurry53@drupal.org,Male,8
85-2721060,Rodney,Bernardotte,rbernardotte54@cargocollective.com,Male,15
74-0018113,Eveline,Coneybeare,econeybeare55@chron.com,Female,52
44-5988575,Olga,Prowting,oprowting56@hhs.gov,Bigender,15
27-6661650,Jeramie,Haggerwood,jhaggerwood57@netlog.com,Male,41
54-7946908,Shena,Kerridge,skerridge58@dyndns.org,Female,33
92-4089303,Reilly,Sudddard,rsudddard59@shutterfly.com,Bigender,76
53-5595694,Shannan,Gwyther,sgwyther5a@goo.ne.jp,Bigender,64
81-6212133,Cristie,Forder,cforder5b@bigcartel.com,Female,70
37-6433532,Cale,Roskell,croskell5c@ifeng.com,Male,3
18-4129620,Clayton,McQuorkell,cmcquorkell5d@epa.gov,Non-binary,40
76-5420328,Genvieve,Griston,ggriston5e@qq.com,Female,9
13-1755330,L;urette,Sannes,lsannes5f@squarespace.com,Female,43
62-8914674,Lind,Leaney,lleaney5g@zdnet.com,Male,19
71-3890220,Bartlet,McNulty,bmcnulty5h@umn.edu,Male,67
50-7797266,Emera,Burtt,eburtt5i@forbes.com,Female,42
94-0896777,Adorne,Stoile,astoile5j@mysql.com,Female,28
04-4876292,Care,Pranger,cpranger5k@merriam-webster.com,Male,34
44-1326220,Scot,Tames,stames5l@feedburner.com,Male,35
89-2420263,Janessa,Vermer,jvermer5m@yellowbook.com,Female,9
82-8420484,Merrilee,Kiernan,mkiernan5n@jalbum.net,Female,10
13-2317121,Mechelle,Rastall,mrastall5o@sourceforge.net,Female,65
75-1032115,Tamera,Linebarger,tlinebarger5p@ibm.com,Female,61
53-6460672,Page,Kenny,pkenny5q@epa.gov,Female,44
06-1408050,Lanae,Ropkins,lropkins5r@slashdot.org,Female,74
34-9304590,Tandi,Brownsett,tbrownsett5s@ca.gov,Female,9
07-2282046,Kaylee,Northleigh,knorthleigh5t@livejournal.com,Female,73
86-7708193,Elroy,Docherty,edocherty5u@mlb.com,Male,5
66-1717341,Catharine,Rooson,crooson5v@sun.com,Female,43
10-7877282,Hayyim,Emanuele,hemanuele5w@forbes.com,Male,72
21-7982808,Branden,Matashkin,bmatashkin5x@bbc.co.uk,Male,61
35-5120490,Nikola,Snead,nsnead5y@sina.com.cn,Male,53
48-9262029,Raimund,Sinisbury,rsinisbury5z@reference.com,Male,38
88-5821846,Brunhilde,Yirrell,byirrell60@chron.com,Female,48
72-5450303,Evangelia,Uman,euman61@merriam-webster.com,Female,73
47-4208880,Clive,Ivatts,civatts62@twitpic.com,Male,19
35-5372919,Linus,Brockherst,lbrockherst63@joomla.org,Male,67
62-2079768,Jaquelin,Kentish,jkentish64@shutterfly.com,Female,43
64-5998213,Gauthier,Alison,galison65@deviantart.com,Male,51
65-8451041,June,Buckby,jbuckby66@edublogs.org,Female,24
13-5757662,Florance,Peschet,fpeschet67@auda.org.au,Female,35
09-4707861,Marie-jeanne,Delion,mdelion68@fda.gov,Female,21
66-3697857,Fania,Whitford,fwhitford69@eventbrite.com,Female,40
81-1440617,Dallis,Garter,dgarter6a@friendfeed.com,Male,34
36-1528754,Geraldine,Fawcus,gfawcus6b@taobao.com,Female,39
50-8164306,Blinny,Van den Velden,bvandenvelden6c@unesco.org,Female,17
55-3737733,Iona,Miebes,imiebes6d@biglobe.ne.jp,Female,41
62-2760205,Arni,McKague,amckague6e@google.ru,Male,18
14-0492320,Basilio,Noton,bnoton6f@gizmodo.com,Male,27
92-8409542,Nilson,Filintsev,nfilintsev6g@mail.ru,Male,11
16-5293038,Ingaberg,Bangley,ibangley6h@slideshare.net,Female,75
08-4206308,Juieta,Fayerman,jfayerman6i@histats.com,Female,19
76-9324936,Margaux,Vertey,mvertey6j@engadget.com,Genderqueer,63
83-9958486,Madelon,Glazzard,mglazzard6k@trellian.com,Female,44
87-1539655,Vince,Blackburne,vblackburne6l@about.com,Male,27
73-6383601,Melita,Burg,mburg6m@shop-pro.jp,Female,2
60-4088969,Franklin,Hanley,fhanley6n@china.com.cn,Male,46
69-6233124,Marilyn,Vasyutochkin,mvasyutochkin6o@theglobeandmail.com,Female,40
36-9644965,Janos,Symes,jsymes6p@ihg.com,Male,80
98-4999313,Miof mela,Fox,mfox6q@loc.gov,Female,56
22-0871257,Fletcher,Dallender,fdallender6r@phoca.cz,Male,63
39-9860735,Karim,Faas,kfaas6s@liveinternet.ru,Male,74
23-1859274,Bronson,Brosius,bbrosius6t@ocn.ne.jp,Male,3
38-0472687,Amalle,McBeath,amcbeath6u@unc.edu,Female,25
81-6176311,Vinny,Middlebrook,vmiddlebrook6v@nytimes.com,Female,62
65-7308332,Jaquenetta,Nestle,jnestle6w@icio.us,Female,28
46-3587738,Noell,Gostick,ngostick6x@printfriendly.com,Female,58
92-8728976,Velma,Gerding,vgerding6y@dell.com,Bigender,65
64-4578578,Corty,Weymont,cweymont6z@intel.com,Male,68
43-7345550,Tobe,Gaughan,tgaughan70@phpbb.com,Male,75
99-3859444,Jori,Aubrey,jaubrey71@nps.gov,Female,50
08-8155099,Efren,Slowey,eslowey72@blogger.com,Male,14
14-7088211,Domeniga,Younge,dyounge73@loc.gov,Female,61
73-7156088,Jerrie,Bollom,jbollom74@qq.com,Male,3
70-1961811,Glenna,Esh,gesh75@dedecms.com,Female,9
44-3001741,Mord,O'Hallihane,mohallihane76@princeton.edu,Male,52
98-6220835,Willie,Beckitt,wbeckitt77@ustream.tv,Male,32
31-8565382,Lyndsey,O'Flaherty,loflaherty78@jimdo.com,Female,5
67-5525093,Erwin,Rump,erump79@mail.ru,Male,63
61-4532454,Evey,Wolfe,ewolfe7a@ebay.com,Female,49
12-0833665,Maddi,Ismail,mismail7b@goo.ne.jp,Female,20
61-7812111,Mattie,Boyd,mboyd7c@un.org,Polygender,68
00-7912447,Lucina,Conahy,lconahy7d@ucsd.edu,Female,74
95-1322977,Kayne,Thow,kthow7e@alexa.com,Male,33
46-8837131,Daniella,Heelis,dheelis7f@nps.gov,Female,42
86-5375577,Roosevelt,Jeroch,rjeroch7g@ca.gov,Male,24
38-5277247,Savina,Lummis,slummis7h@adobe.com,Genderfluid,25
94-5747974,Gilligan,Grizard,ggrizard7i@typepad.com,Female,58
61-1956053,Constancy,Mottershead,cmottershead7j@ihg.com,Female,75
68-6181329,Jo-anne,Fleg,jfleg7k@t-online.de,Female,72
55-5669899,Noel,Accum,naccum7l@yolasite.com,Female,59
51-9334701,Arturo,Ledster,aledster7m@wix.com,Polygender,72
54-1004084,Keelby,Bourdon,kbourdon7n@pbs.org,Male,47
73-4804961,Ferne,Stigger,fstigger7o@ebay.co.uk,Female,51
17-3745586,Karylin,Ickowicz,kickowicz7p@mashable.com,Female,27
97-8970875,Britney,Obern,bobern7q@nih.gov,Female,49
82-0883464,Gideon,Betham,gbetham7r@bloglovin.com,Male,46
32-7821503,Sigmund,Sirett,ssirett7s@dell.com,Male,32
03-5467805,Pepi,Sarfat,psarfat7t@unc.edu,Female,34
14-7095258,Anselma,Garvin,agarvin7u@google.cn,Female,60
28-0228162,Erina,Salasar,esalasar7v@cisco.com,Female,32
84-4215725,Beatrice,McClure,bmcclure7w@wikimedia.org,Female,9
92-3176654,Etheline,Rodolf,erodolf7x@shareasale.com,Female,23
66-8133557,Jamie,McAtamney,jmcatamney7y@goo.ne.jp,Female,28
39-1605155,Manya,Behn,mbehn7z@cloudflare.com,Non-binary,15
28-4855501,Horacio,Parsisson,hparsisson80@networkadvertising.org,Male,15
18-6736903,Luce,Weekly,lweekly81@last.fm,Female,60
13-1111905,Silvanus,Pashen,spashen82@discovery.com,Male,32
70-7168070,Alvan,Maundrell,amaundrell83@phoca.cz,Male,80
24-2910963,Nissie,Gossan,ngossan84@skype.com,Female,65
35-5907687,Yolanda,Navarro,ynavarro85@linkedin.com,Female,62
87-4867769,Kennith,Geraldi,kgeraldi86@nifty.com,Male,49
04-7753869,Madison,Vowdon,mvowdon87@europa.eu,Male,37
58-0953493,Devy,O'Cooney,docooney88@bbc.co.uk,Male,61
75-8716336,Philippine,Demke,pdemke89@ning.com,Female,58
21-5761718,Janessa,Phillpotts,jphillpotts8a@blogger.com,Genderfluid,40
98-6363904,Gearalt,MacLise,gmaclise8b@amazonaws.com,Male,2
27-3527927,Horten,Hessentaler,hhessentaler8c@bbb.org,Male,74
01-1995393,Meryl,Ryley,mryley8d@alexa.com,Male,60
40-4722628,Micheil,Egerton,megerton8e@marriott.com,Male,50
55-4961372,Dennison,McIlherran,dmcilherran8f@foxnews.com,Bigender,41
50-5723275,Yance,Langton,ylangton8g@unicef.org,Male,23
08-8136981,Zacharie,Phizakarley,zphizakarley8h@behance.net,Polygender,29
65-8470428,Clint,Rapps,crapps8i@posterous.com,Non-binary,74
12-7839384,Ferdinand,Riglar,friglar8j@lycos.com,Male,29
65-2755545,Aridatha,McKilroe,amckilroe8k@example.com,Female,28
04-6929707,Emilie,Kasher,ekasher8l@google.it,Female,41
04-7279637,Ervin,Bustard,ebustard8m@nasa.gov,Male,14
70-8301605,Dun,Hughs,dhughs8n@wired.com,Male,67
36-4986450,Erica,Lehemann,elehemann8o@ftc.gov,Female,59
76-4139424,Haroun,Custed,hcusted8p@zdnet.com,Male,6
84-8361831,Lib,Semaine,lsemaine8q@studiopress.com,Female,68
74-1182022,Alonzo,Katz,akatz8r@craigslist.org,Male,40
43-7567368,Becca,Derisley,bderisley8s@seesaa.net,Female,20
39-9224956,Tally,Dovington,tdovington8t@alexa.com,Male,54
20-5851180,Felisha,Sevitt,fsevitt8u@nba.com,Female,79
44-6325741,Alejandra,Rowantree,arowantree8v@360.cn,Female,77
90-8273525,Rorie,Charville,rcharville8w@sfgate.com,Female,48
94-3182532,Mara,Frazier,mfrazier8x@mashable.com,Female,25
73-9372268,Martelle,Serjeant,mserjeant8y@hc360.com,Female,40
44-6610074,Giulietta,Campkin,gcampkin8z@nbcnews.com,Female,69
46-7196418,Lyman,Osmund,losmund90@mlb.com,Male,75
15-0914236,Lenard,Fincken,lfincken91@theglobeandmail.com,Agender,22
32-7374012,Mellie,Wiz,mwiz92@etsy.com,Female,42
61-8628745,Yvor,London,ylondon93@barnesandnoble.com,Male,2
55-0237413,Ermanno,Lomasna,elomasna94@ft.com,Male,20
18-8955527,Wilhelmine,Rannie,wrannie95@exblog.jp,Female,51
40-8984467,Gaven,Takkos,gtakkos96@symantec.com,Male,57
08-3610181,Ynez,Riccardini,yriccardini97@sfgate.com,Female,77
16-5123119,Gerladina,McHarry,gmcharry98@purevolume.com,Bigender,76
48-7166268,Parrnell,Davsley,pdavsley99@slashdot.org,Male,33
69-1415880,Judye,Swaby,jswaby9a@prlog.org,Agender,26
55-6750500,Amalle,Mardy,amardy9b@netvibes.com,Female,44
17-4578448,Ysabel,Brackstone,ybrackstone9c@drupal.org,Female,15
27-6298975,Yvon,Berlin,yberlin9d@scientificamerican.com,Male,10
82-6073851,Augusta,Ivermee,aivermee9e@patch.com,Female,13
00-4185181,Curtice,Doone,cdoone9f@noaa.gov,Male,66
13-2529872,Lulu,Stearn,lstearn9g@unc.edu,Female,9
14-1703314,Emanuele,Palfreyman,epalfreyman9h@statcounter.com,Male,59
73-4855414,Vitia,Dunne,vdunne9i@oakley.com,Female,71
98-8128748,Kissiah,Critzen,kcritzen9j@cnbc.com,Female,31
98-9692964,Ramona,De Bischof,rdebischof9k@list-manage.com,Female,68
51-3274791,Letitia,Pearlman,lpearlman9l@feedburner.com,Female,4
51-5507922,Red,Lumb,rlumb9m@ycombinator.com,Male,2
01-6611993,Ric,Eckersall,reckersall9n@economist.com,Male,31
76-2071718,Emmie,Mackilpatrick,emackilpatrick9o@odnoklassniki.ru,Polygender,10
90-5930568,Christophorus,Khan,ckhan9p@archive.org,Male,50
96-3307352,Golda,De la Zenne,gdelazenne9q@feedburner.com,Female,8
58-6026574,Jermaine,Sacher,jsacher9r@deviantart.com,Male,50
44-7072522,Che,Leward,cleward9s@engadget.com,Male,50
93-9634158,Larine,Keddle,lkeddle9t@youtu.be,Female,23
72-8187355,Joshuah,Vasyutichev,jvasyutichev9u@phpbb.com,Male,38
91-1961428,Welbie,Boal,wboal9v@yandex.ru,Male,36
02-0053396,Ky,Bernaert,kbernaert9w@youtube.com,Male,31
61-5796927,Eward,Hallett,ehallett9x@devhub.com,Male,31
80-6821052,Mechelle,Adshead,madshead9y@studiopress.com,Female,67
29-5712245,Bernadette,Matysiak,bmatysiak9z@cocolog-nifty.com,Female,29
33-6463124,Cilka,Barratt,cbarratta0@nps.gov,Female,38
94-0151150,Oates,Pickwell,opickwella1@mail.ru,Male,58
81-0042566,Susanne,Schnitter,sschnittera2@nsw.gov.au,Female,14
51-6352568,Freda,Polye,fpolyea3@google.com.br,Female,75
53-3357418,Gracie,Tincknell,gtincknella4@shareasale.com,Female,63
16-5247849,Somerset,Saturley,ssaturleya5@illinois.edu,Male,25
68-2078276,Paulo,Bearfoot,pbearfoota6@alibaba.com,Genderfluid,10
01-5477809,Simonette,Acock,sacocka7@blogger.com,Polygender,74
77-4128221,Chad,Casey,ccaseya8@prweb.com,Female,1
92-7935147,Sharon,Garret,sgarreta9@wisc.edu,Female,19
79-9077584,Emmanuel,Sabate,esabateaa@shareasale.com,Male,17
66-1365599,Maudie,Bernardelli,mbernardelliab@indiatimes.com,Female,67
53-1189544,Renato,Guerrazzi,rguerrazziac@tripadvisor.com,Male,69
10-9951240,Chan,Drewell,cdrewellad@thetimes.co.uk,Male,66
34-4174997,Tootsie,Salzberg,tsalzbergae@washingtonpost.com,Female,7
93-2998710,Ardelle,Vakhonin,avakhoninaf@chicagotribune.com,Female,15
27-3584969,Jefferey,Sterte,jsterteag@cyberchimps.com,Male,16
88-3623975,Pearl,Stutely,pstutelyah@europa.eu,Female,28
07-2951852,Reggi,McMyler,rmcmylerai@spiegel.de,Female,61
15-0566110,Sunny,Howman,showmanaj@symantec.com,Male,43
06-7246147,Fionnula,Wilding,fwildingak@guardian.co.uk,Female,51
58-9009061,Cara,Pococke,cpocockeal@nbcnews.com,Bigender,61
79-2463570,Sutherlan,Malloch,smallocham@usda.gov,Male,27
37-1022824,Adlai,Romaines,aromainesan@home.pl,Male,1
64-1856368,Latashia,Dayley,ldayleyao@un.org,Female,80
81-5258943,Goldarina,Keir,gkeirap@theatlantic.com,Female,30
69-8532822,Ranice,Ellesworth,rellesworthaq@posterous.com,Female,30
13-6961401,Vladimir,Brounfield,vbrounfieldar@pbs.org,Male,24
02-5551183,Eunice,Goeff,egoeffas@uol.com.br,Female,18
76-6565074,Cointon,McLugish,cmclugishat@princeton.edu,Male,48
32-8472022,Carmelia,Blinkhorn,cblinkhornau@privacy.gov.au,Polygender,26
61-7798944,Rock,Feavers,rfeaversav@state.gov,Male,14
28-1711870,Thibaut,Luckie,tluckieaw@epa.gov,Male,71
66-1193439,Gabriella,Guion,gguionax@ucsd.edu,Female,2
05-6271821,Emlyn,Ipplett,eipplettay@technorati.com,Male,33
47-8797398,Lenora,Vodden,lvoddenaz@t-online.de,Female,71
20-6987208,Olivie,Halpin,ohalpinb0@cbsnews.com,Female,51
09-5229341,Marcela,Figgess,mfiggessb1@chronoengine.com,Female,33
88-7390294,Llywellyn,Shawe,lshaweb2@xing.com,Male,67
74-6659521,Helaine,Bourke,hbourkeb3@wsj.com,Female,53
97-4366401,Sula,Saylor,ssaylorb4@github.io,Female,8
55-3292548,Caterina,Slee,csleeb5@weather.com,Female,29
47-2591762,Baudoin,Furmedge,bfurmedgeb6@etsy.com,Male,15
49-3294329,Feliks,Izaac,fizaacb7@dropbox.com,Male,7
39-7833231,Isadora,Gilbane,igilbaneb8@addthis.com,Female,9
81-3022420,Ambrose,Espinoy,aespinoyb9@europa.eu,Male,35
60-6269860,Lennie,Loxley,lloxleyba@a8.net,Male,31
72-3372786,Lon,Giroldi,lgiroldibb@webs.com,Male,62
32-9856775,Aldon,Hatherall,ahatherallbc@godaddy.com,Male,9
25-8718940,Hazel,Brinkler,hbrinklerbd@free.fr,Male,55
76-9136726,Retha,Castro,rcastrobe@bing.com,Female,73
67-1265179,Filip,Stronack,fstronackbf@weather.com,Male,77
84-7311715,Abba,Morstatt,amorstattbg@ameblo.jp,Male,23
32-4156740,Shurlock,Burston,sburstonbh@weather.com,Male,49
25-7664535,Tadeo,Blackesland,tblackeslandbi@yolasite.com,Male,46
42-6685041,Robby,Drage,rdragebj@ucoz.ru,Male,3
39-1023211,Gaston,Filkov,gfilkovbk@macromedia.com,Male,37
40-7775549,Beulah,Huebner,bhuebnerbl@hugedomains.com,Female,75
06-9947591,Luciano,Hammerstone,lhammerstonebm@wordpress.org,Male,52
56-8145910,Halsey,Artiss,hartissbn@opera.com,Male,16
82-1976961,Leslie,Nisbith,lnisbithbo@netscape.com,Agender,78
36-2292357,Cass,Duffitt,cduffittbp@uol.com.br,Male,9
96-1996063,Reagan,Brahms,rbrahmsbq@trellian.com,Male,67
38-8973106,Daren,Beardon,dbeardonbr@homestead.com,Male,20
14-9489737,Julissa,Hancox,jhancoxbs@netvibes.com,Female,46
51-5523098,Thomas,Odgers,todgersbt@foxnews.com,Non-binary,2
03-4784395,Wallache,McKinty,wmckintybu@economist.com,Male,15
89-3589840,Sharia,Scotland,sscotlandbv@wikimedia.org,Female,71
15-0515770,Juanita,Stillman,jstillmanbw@printfriendly.com,Non-binary,27
80-1392726,Burt,MacPhail,bmacphailbx@imageshack.us,Male,45
56-3788431,Chrisse,De Bruyne,cdebruyneby@indiatimes.com,Male,30
68-9991876,Vilhelmina,Edensor,vedensorbz@rakuten.co.jp,Female,59
43-5818776,Flem,Duce,fducec0@psu.edu,Male,62
36-8907441,Anselm,Smedmoor,asmedmoorc1@chron.com,Male,16
41-7025763,Myrle,Jedrasik,mjedrasikc2@google.ca,Female,7
27-0094881,Martainn,Bathowe,mbathowec3@i2i.jp,Male,33
61-6741921,Antoinette,Colebrook,acolebrookc4@wired.com,Female,37
00-3300157,Cosetta,Tukesby,ctukesbyc5@pinterest.com,Female,6
17-0137754,Gothart,Aspital,gaspitalc6@boston.com,Male,33
11-4137245,Xymenes,Kuna,xkunac7@mac.com,Male,55
24-5816710,Scottie,Stoeck,sstoeckc8@yale.edu,Male,71
09-6626620,Stormie,Roz,srozc9@moonfruit.com,Female,38
98-7834103,Arv,Polleye,apolleyeca@virginia.edu,Male,50
25-4979456,Germain,Dudek,gdudekcb@ustream.tv,Male,29
65-6852503,Myrtie,Yorston,myorstoncc@hud.gov,Female,16
36-7809987,Portie,Henker,phenkercd@multiply.com,Male,56
62-5648269,Renaud,Willars,rwillarsce@phpbb.com,Male,35
56-2621201,Freeman,Augustus,faugustuscf@wix.com,Male,12
72-0149146,Amberly,Betke,abetkecg@narod.ru,Female,15
93-5279270,Rici,Rockingham,rrockinghamch@yahoo.co.jp,Female,18
53-8250653,Ailina,Foster,afosterci@hhs.gov,Female,70
68-7022407,Eward,Vel,evelcj@slate.com,Male,31
72-8983459,Donelle,Burds,dburdsck@addtoany.com,Female,2
26-8259463,Shaine,Cheavin,scheavincl@xrea.com,Male,62
44-6982317,Donelle,Crommett,dcrommettcm@comsenz.com,Bigender,77
14-6589394,Goran,Youings,gyouingscn@simplemachines.org,Genderfluid,48
29-6222573,Lanny,Howels,lhowelsco@thetimes.co.uk,Male,66
08-1841603,Morlee,Pischof,mpischofcp@godaddy.com,Male,10
49-1804825,Philip,Kleanthous,pkleanthouscq@twitpic.com,Genderfluid,32
03-1559499,Kamilah,Rolinson,krolinsoncr@patch.com,Female,50
44-7199084,Nevins,Druce,ndrucecs@theatlantic.com,Male,48
92-8776006,Brenda,Giorgiutti,bgiorgiuttict@va.gov,Female,56
95-9039368,Aubrette,Nosworthy,anosworthycu@sogou.com,Female,61
42-5967713,Osmond,Aberchirder,oaberchirdercv@miibeian.gov.cn,Male,71
08-2851080,Christoforo,Frostick,cfrostickcw@google.co.jp,Male,1
11-8300789,Rubia,Gaskins,rgaskinscx@webs.com,Genderfluid,22
22-3785198,Binnie,Desorts,bdesortscy@homestead.com,Female,10
58-6159838,Reagen,De Zuani,rdezuanicz@cyberchimps.com,Male,40
21-1432220,Vlad,Capstick,vcapstickd0@ebay.co.uk,Male,75
10-9097714,Prentiss,Padmore,ppadmored1@de.vu,Male,18
46-0468837,Elsinore,Kornel,ekorneld2@theglobeandmail.com,Female,70
23-3470811,Mickey,Sedgefield,msedgefieldd3@china.com.cn,Male,63
66-1905979,Verla,Bernholt,vbernholtd4@archive.org,Female,80
49-4068178,Darsie,Galiford,dgalifordd5@google.it,Female,67
63-9038242,Fifine,Swanbourne,fswanbourned6@unesco.org,Female,3
67-4538432,Michaella,Pierrepoint,mpierrepointd7@ucoz.ru,Female,80
78-5319143,Edgardo,Thurlbeck,ethurlbeckd8@sciencedaily.com,Genderfluid,39
80-5519474,Annmaria,O'Deegan,aodeegand9@comcast.net,Bigender,36
47-6893597,Salmon,Keggins,skegginsda@jalbum.net,Male,10
00-9623807,Yorgo,MacBrearty,ymacbreartydb@google.ca,Male,30
11-1699796,Sigismund,Pitchers,spitchersdc@tmall.com,Male,19
67-8648186,Maxim,Persey,mperseydd@virginia.edu,Male,10
01-2952301,Hynda,McLewd,hmclewdde@toplist.cz,Female,80
18-9016534,Doris,Coulsen,dcoulsendf@virginia.edu,Female,34
07-1670554,Arie,Rustedge,arustedgedg@ask.com,Male,64
55-0792757,Paolina,Darko,pdarkodh@hostgator.com,Female,65
04-2540701,Shirline,Schwaiger,sschwaigerdi@gnu.org,Female,18
89-2851254,Luciano,Masey,lmaseydj@yahoo.com,Male,76
10-2549070,Farrell,Blanden,fblandendk@china.com.cn,Male,72
29-5911347,Thebault,Loukes,tloukesdl@cbslocal.com,Male,68
10-2381430,Cheryl,Bains,cbainsdm@ifeng.com,Female,41
34-6612034,Josephina,Glendzer,jglendzerdn@redcross.org,Female,54
29-5713021,Rodrick,Recke,rreckedo@npr.org,Male,12
55-3811081,Merrile,Goulden,mgouldendp@mit.edu,Female,41
91-2788884,Birgit,Blenkin,bblenkindq@seattletimes.com,Female,22
84-0340275,Lorrayne,Oaks,loaksdr@forbes.com,Female,1
37-8403434,Emmalynn,Olliar,eolliards@weather.com,Female,14
54-4556832,Delphinia,Crocker,dcrockerdt@sogou.com,Female,34
31-1593198,Denni,Chang,dchangdu@nba.com,Polygender,57
25-3814668,Silvain,Evers,seversdv@4shared.com,Male,51
06-7471422,Dorie,Bernardino,dbernardinodw@rediff.com,Male,35
50-5026151,Otho,Stalf,ostalfdx@ed.gov,Male,14
98-9806208,Willie,Toderbrugge,wtoderbruggedy@opera.com,Male,75
34-3099680,Earvin,Duplock,eduplockdz@joomla.org,Genderfluid,15
59-0705579,Martguerita,Alldread,malldreade0@ehow.com,Polygender,34
50-9596696,Drusilla,Ferrers,dferrerse1@omniture.com,Female,7
63-6043857,Beryle,Keener,bkeenere2@hostgator.com,Female,16
14-8406864,Conroy,Giannazzi,cgiannazzie3@techcrunch.com,Male,25
27-6113036,Susan,Kohter,skohtere4@about.com,Female,31
18-2716155,Mikey,Tracey,mtraceye5@sphinn.com,Male,46
17-0612021,Cyb,Bonnavant,cbonnavante6@unicef.org,Female,67
71-0802699,Eada,Dando,edandoe7@goodreads.com,Female,76
13-6542505,Myrtice,Allardyce,mallardycee8@miitbeian.gov.cn,Female,27
36-4359947,Cristie,Gyorgy,cgyorgye9@craigslist.org,Female,50
71-9324863,Roosevelt,Blagden,rblagdenea@nyu.edu,Male,50
27-1687851,Catlee,Slatten,cslatteneb@telegraph.co.uk,Genderqueer,8
44-6728134,Chrysa,Cartmael,ccartmaelec@mit.edu,Genderqueer,34
73-6222482,Roddie,Heinsius,rheinsiused@a8.net,Male,45
24-7179557,Kennith,Loadsman,kloadsmanee@goo.ne.jp,Male,75
61-2528691,Elisabetta,de Nore,edenoreef@eepurl.com,Female,3
50-8271236,Marget,Degan,mdeganeg@answers.com,Female,19
43-0092971,Alistair,O'Suaird,aosuairdeh@google.de,Male,68
38-8500858,Ari,Bazylets,abazyletsei@usnews.com,Male,72
94-5787944,Gage,Broadfield,gbroadfieldej@quantcast.com,Male,64
07-4659578,Giulietta,Hanaford,ghanafordek@so-net.ne.jp,Female,9
53-0268170,Tedd,Akett,takettel@a8.net,Male,15
01-7881244,Carson,Giannazzo,cgiannazzoem@cloudflare.com,Male,9
87-9273579,Flori,Tugwell,ftugwellen@google.com,Genderfluid,5
74-2430453,Matthew,Dwane,mdwaneeo@cocolog-nifty.com,Male,57
59-9534636,Brook,Turbat,bturbatep@un.org,Female,27
74-3420129,Sabine,Sturridge,ssturridgeeq@sfgate.com,Female,18
64-8721362,Carita,Hearl,chearler@infoseek.co.jp,Female,75
96-0368696,Rufe,Pidgeley,rpidgeleyes@auda.org.au,Male,15
29-0887180,Gay,Venning,gvenninget@furl.net,Female,13
42-3129274,Eba,Hargitt,ehargitteu@linkedin.com,Female,68
33-6822895,Ivar,Schistl,ischistlev@yahoo.co.jp,Male,7
63-9897459,Alfy,Wylder,awylderew@youtu.be,Female,33
91-6519178,Lyda,Salthouse,lsalthouseex@alibaba.com,Female,13
37-1861037,Marian,Testin,mtestiney@answers.com,Female,5
16-3853403,Berty,Tanser,btanserez@indiatimes.com,Male,39
98-1505586,Stewart,Balham,sbalhamf0@simplemachines.org,Male,35
41-0540297,Ogdon,Kenset,okensetf1@gov.uk,Male,27
85-2982298,Dorella,Mougenel,dmougenelf2@istockphoto.com,Female,44
25-1212774,Jo-anne,Budcock,jbudcockf3@yale.edu,Female,56
87-4368582,Morgana,Held,mheldf4@webnode.com,Female,53
87-8193446,Abe,Douce,adoucef5@biblegateway.com,Male,36
64-8803177,Edmon,Hairyes,ehairyesf6@wikimedia.org,Male,57
28-7635270,Kirsti,McKelloch,kmckellochf7@bigcartel.com,Female,61
06-3394589,Kippy,Penlington,kpenlingtonf8@google.pl,Male,71
60-7410653,Cordy,Greguoli,cgreguolif9@sciencedirect.com,Female,77
12-4194159,Kaspar,Lehenmann,klehenmannfa@opensource.org,Male,51
82-3414241,Shaine,Otridge,sotridgefb@livejournal.com,Male,15
40-0737682,Daisy,Fromont,dfromontfc@virginia.edu,Female,42
96-2349012,Thom,Cullen,tcullenfd@stanford.edu,Male,54
41-5096943,Dani,Burkman,dburkmanfe@quantcast.com,Female,42
78-9547103,Tam,Keedwell,tkeedwellff@ibm.com,Male,61
48-3308557,Lewiss,Chatenier,lchatenierfg@foxnews.com,Male,48
74-1870076,Celinka,Fitzharris,cfitzharrisfh@cbc.ca,Female,1
38-4986932,Genia,Dent,gdentfi@photobucket.com,Female,15
89-9289270,Ernestus,Berrigan,eberriganfj@newyorker.com,Non-binary,73
52-1478939,Susann,Ponton,spontonfk@plala.or.jp,Female,43
28-5223772,Pall,Vergine,pverginefl@columbia.edu,Male,51
62-9402969,Gertruda,Roblin,groblinfm@sciencedirect.com,Female,72
02-7351940,Erny,Dobbinson,edobbinsonfn@example.com,Male,19
40-6210917,Warren,Tansill,wtansillfo@xing.com,Male,74
65-1651614,Cherice,Barge,cbargefp@epa.gov,Female,23
10-7182338,Wilhelm,Crackel,wcrackelfq@canalblog.com,Male,66
69-6812928,Stavro,Scanlin,sscanlinfr@jimdo.com,Bigender,58
24-7980765,Rube,Carney,rcarneyfs@seattletimes.com,Male,47
28-6012793,Traver,Guppey,tguppeyft@g.co,Male,59
59-8045885,Sander,McGlynn,smcglynnfu@acquirethisname.com,Male,74
39-9668796,Kev,Maryet,kmaryetfv@admin.ch,Non-binary,15
33-7263182,Magdalen,Liebermann,mliebermannfw@comsenz.com,Female,62
59-3011607,Britta,Briscam,bbriscamfx@abc.net.au,Female,44
58-8913184,Ximenes,Kibbel,xkibbelfy@cmu.edu,Male,19
04-2056620,Tammie,Osmund,tosmundfz@tmall.com,Female,79
57-3432998,Morse,Pentycost,mpentycostg0@angelfire.com,Male,11
10-3934389,Jacinthe,Matteoni,jmatteonig1@indiatimes.com,Female,23
75-7467353,Paulie,Cowpertwait,pcowpertwaitg2@fda.gov,Female,77
33-9182244,Ellie,Geare,egeareg3@amazon.com,Female,7
69-8654810,Rayshell,Husher,rhusherg4@infoseek.co.jp,Female,57
25-7453607,Pennie,Bayliss,pbaylissg5@creativecommons.org,Female,70
53-7932434,Wileen,Robardey,wrobardeyg6@usgs.gov,Female,48
65-0458029,Warren,Sapshed,wsapshedg7@go.com,Male,33
38-5224836,Honor,Darnell,hdarnellg8@constantcontact.com,Female,32
89-3300306,Leshia,Torrijos,ltorrijosg9@gov.uk,Female,53
94-7524060,Winonah,Bathow,wbathowga@msn.com,Non-binary,66
76-6165279,Stacee,Edwick,sedwickgb@msn.com,Male,23
09-1968807,Lorie,Hincks,lhincksgc@dedecms.com,Female,44
32-8842051,Karine,Proudlock,kproudlockgd@live.com,Female,42
84-5537107,Cristine,Izzatt,cizzattge@nih.gov,Female,32
51-2891828,Wain,Boarder,wboardergf@tinyurl.com,Male,64
13-2304305,Terrel,Akroyd,takroydgg@chron.com,Male,26
42-6156266,Amby,Dewhirst,adewhirstgh@jimdo.com,Male,77
26-0654126,Manuel,Vellender,mvellendergi@ucsd.edu,Male,13
61-9392607,Ernestine,Harrop,eharropgj@walmart.com,Female,60
31-5404109,Robbie,Woodcock,rwoodcockgk@pagesperso-orange.fr,Male,46
21-6478990,Barris,MacIlhagga,bmacilhaggagl@macromedia.com,Male,17
49-6249658,Cal,Klewer,cklewergm@shop-pro.jp,Male,6
94-1539076,Casandra,Toogood,ctoogoodgn@statcounter.com,Female,68
97-3943461,Alexandro,Heather,aheathergo@comcast.net,Male,18
54-2314650,Abdul,Kemble,akemblegp@dell.com,Male,12
53-8009470,Ives,Maasz,imaaszgq@eventbrite.com,Male,61
36-7820476,Selby,Eunson,seunsongr@ucoz.ru,Male,48
29-5942251,Galina,Buncom,gbuncomgs@miibeian.gov.cn,Female,16
34-8429548,Sileas,Giannazzo,sgiannazzogt@craigslist.org,Female,43
01-8426370,Elwyn,Hoggins,ehogginsgu@flavors.me,Male,2
77-4588059,Hugh,Tratton,htrattongv@china.com.cn,Male,30
17-6964190,Quincy,Kelley,qkelleygw@topsy.com,Male,74
34-7058852,Burk,Vidler,bvidlergx@discovery.com,Male,26
79-8748713,Jarrad,Garling,jgarlinggy@sciencedirect.com,Male,38
95-7942721,Elroy,Beresford,eberesfordgz@phoca.cz,Male,42
70-0104782,Thom,Asker,taskerh0@facebook.com,Male,48
01-1395587,Elvin,Kliemchen,ekliemchenh1@discovery.com,Male,26
06-7952378,Dannye,Headon,dheadonh2@buzzfeed.com,Female,6
09-2019035,Annabella,Shank,ashankh3@goodreads.com,Female,8
06-0951767,Bearnard,Wittering,bwitteringh4@deliciousdays.com,Male,16
89-8920324,Devi,Morforth,dmorforthh5@newyorker.com,Female,22
30-4912474,Bil,Kordes,bkordesh6@soup.io,Male,7
77-2941980,Ileana,Mc-Kerley,imckerleyh7@salon.com,Female,31
75-0691029,Tallie,Beslier,tbeslierh8@e-recht24.de,Male,60
62-0454389,Broddie,Loader,bloaderh9@live.com,Male,18
79-9776596,Alli,Wharrier,awharrierha@bloglovin.com,Female,54
03-5945359,Phylys,Hamilton,phamiltonhb@illinois.edu,Female,70
95-7666554,Napoleon,Barrows,nbarrowshc@de.vu,Male,51
82-0673739,Emmott,Aubri,eaubrihd@walmart.com,Male,15
89-3586438,Agathe,Rylstone,arylstonehe@china.com.cn,Female,65
19-5811850,Keeley,Gitsham,kgitshamhf@sitemeter.com,Female,21
34-7970899,Crysta,Deviney,cdevineyhg@smh.com.au,Female,44
39-3782551,Karlene,Castanares,kcastanareshh@ihg.com,Female,15
82-7734327,Fritz,Coetzee,fcoetzeehi@ehow.com,Male,74
95-6776578,Alejandra,Thundercliffe,athundercliffehj@vinaora.com,Female,44
13-2880464,Kane,Chapman,kchapmanhk@cdc.gov,Male,29
12-6244257,Karlan,MacAllan,kmacallanhl@rediff.com,Genderfluid,10
47-6598894,Borg,Rearie,breariehm@posterous.com,Male,27
00-4249059,Charla,McCosker,cmccoskerhn@wordpress.org,Female,40
24-0379834,Berry,Dimbleby,bdimblebyho@yellowbook.com,Female,68
74-3399994,Chet,Libbis,clibbishp@miibeian.gov.cn,Genderqueer,66
18-2924893,Briggs,Beedom,bbeedomhq@storify.com,Male,46
82-5247226,Norry,Bunny,nbunnyhr@altervista.org,Female,30
18-2157441,Abbott,Brando,abrandohs@xrea.com,Male,55
66-6234692,Sonnie,Ludye,sludyeht@trellian.com,Male,38
67-6262261,Paco,Lafayette,plafayettehu@hugedomains.com,Male,72
83-5389983,Coleen,Hollyland,chollylandhv@imdb.com,Female,64
73-5128240,Timofei,Cregeen,tcregeenhw@youtube.com,Male,63
41-6261605,Audra,Unger,aungerhx@slideshare.net,Female,35
77-2040767,Caressa,Emmanueli,cemmanuelihy@paypal.com,Female,45
61-2975438,Sapphira,Riach,sriachhz@bbc.co.uk,Female,70
24-6247241,Michale,Rolance,mrolancei0@mapy.cz,Male,5
04-6638812,Betta,Chaldecott,bchaldecotti1@vinaora.com,Female,60
74-6180796,Elna,McKimmey,emckimmeyi2@virginia.edu,Female,62
21-2384972,Alleen,Fanshaw,afanshawi3@mac.com,Female,25
92-8015036,Tessy,Eich,teichi4@over-blog.com,Female,41
28-0365407,Lucita,Chalker,lchalkeri5@chronoengine.com,Female,43
64-0159490,Fran,Boanas,fboanasi6@usgs.gov,Female,39
95-6944001,Bartlett,Malling,bmallingi7@adobe.com,Male,58
64-9158624,Wald,Gilkison,wgilkisoni8@canalblog.com,Non-binary,51
18-0719303,Courtney,London,clondoni9@reference.com,Female,13
95-0338790,Astrix,Horlick,ahorlickia@seesaa.net,Female,38
09-3129985,Heywood,Segges,hseggesib@mysql.com,Male,56
30-9631648,Mayne,Confort,mconfortic@weebly.com,Male,79
65-7073567,Ricky,Aguirrezabal,raguirrezabalid@simplemachines.org,Male,73
11-9382909,Giana,Santos,gsantosie@reuters.com,Female,38
53-4995986,Carolina,Chellam,cchellamif@blog.com,Female,57
05-4926890,Pace,Hadenton,phadentonig@miibeian.gov.cn,Male,18
59-2684784,Clayborne,Gummow,cgummowih@google.com,Male,37
66-7912348,Guy,Lockie,glockieii@flavors.me,Male,24
20-5499624,Reube,Peret,rperetij@pcworld.com,Male,17
23-3697420,Antoine,Ellar,aellarik@yellowbook.com,Male,69
27-8595870,Ringo,Chafney,rchafneyil@gov.uk,Genderfluid,32
73-8829511,Base,Hosburn,bhosburnim@fotki.com,Male,17
52-9342419,Albertine,Frangello,afrangelloin@biglobe.ne.jp,Female,57
90-8419279,Dare,Hellin,dhellinio@merriam-webster.com,Male,67
59-1083188,Thorndike,Althorpe,talthorpeip@de.vu,Bigender,34
38-4501428,Vidovic,Ghiriardelli,vghiriardelliiq@macromedia.com,Male,69
06-2996407,Farlee,Varfalameev,fvarfalameevir@jimdo.com,Male,28
93-6443686,Delainey,Picot,dpicotis@whitehouse.gov,Male,72
39-0307809,Joly,Shallcroff,jshallcroffit@unc.edu,Female,72
04-7594113,Carr,Kivelhan,ckivelhaniu@usnews.com,Male,34
65-8966795,Filip,Vallens,fvallensiv@theatlantic.com,Male,2
66-3166142,Peg,Smallthwaite,psmallthwaiteiw@smugmug.com,Female,12
76-4967094,Diandra,Ubee,dubeeix@microsoft.com,Female,57
62-2606514,Alina,Stapylton,astapyltoniy@ca.gov,Female,74
68-7203173,Carolyn,Ipsgrave,cipsgraveiz@jimdo.com,Female,23
08-0952067,Nalani,Speariett,nspeariettj0@senate.gov,Female,43
29-2419574,Lawry,Wedderburn,lwedderburnj1@addtoany.com,Male,5
90-1493091,Prent,Jordon,pjordonj2@cbsnews.com,Male,20
33-9379171,Nina,Maudsley,nmaudsleyj3@plala.or.jp,Female,51
66-1781169,Annamarie,Haet,ahaetj4@blogtalkradio.com,Genderqueer,2
63-0678186,Godard,Bointon,gbointonj5@indiegogo.com,Male,8
43-4347517,Angelle,Gottelier,agottelierj6@apache.org,Female,77
57-8715108,Rodrick,Duddle,rduddlej7@oaic.gov.au,Male,20
21-9096521,Calli,Christopher,cchristopherj8@storify.com,Female,15
25-2421639,Auroora,Widdocks,awiddocksj9@narod.ru,Female,45
72-0165407,Sherm,Habbin,shabbinja@marketwatch.com,Male,77
70-8481160,Kiele,Kench,kkenchjb@friendfeed.com,Female,14
53-4692145,Arabel,Katt,akattjc@com.com,Non-binary,68
94-6281773,Andy,Cordell,acordelljd@gmpg.org,Female,21
25-6423683,Doralia,Danelutti,ddaneluttije@chronoengine.com,Female,58
36-4555116,Aurore,Anniwell,aanniwelljf@netvibes.com,Non-binary,13
46-3619453,Clem,Rustan,crustanjg@opensource.org,Male,7
31-3746374,Cynthia,Waberer,cwabererjh@aol.com,Female,74
69-0592603,Randie,Rayment,rraymentji@paypal.com,Male,32
44-3363352,Idette,Banham,ibanhamjj@fc2.com,Female,75
86-8823613,Thorpe,McManamon,tmcmanamonjk@tamu.edu,Male,7
86-0632721,Pail,McMennum,pmcmennumjl@google.nl,Male,63
00-8249332,Emogene,Blanc,eblancjm@adobe.com,Bigender,61
68-7796938,Gerri,Covill,gcovilljn@github.com,Female,68
19-6857385,Selene,Bohl,sbohljo@baidu.com,Female,25
11-7613778,Mathias,Annice,mannicejp@baidu.com,Male,15
16-7719580,Farleigh,Lambarth,flambarthjq@thetimes.co.uk,Male,44
43-7346833,Bambi,Keal,bkealjr@clickbank.net,Female,10
56-0961637,Dianne,Bakhrushkin,dbakhrushkinjs@elegantthemes.com,Female,68
53-3533657,Tiffi,Tuffin,ttuffinjt@smugmug.com,Female,28
04-1403246,Katee,Pasquale,kpasqualeju@barnesandnoble.com,Female,77
34-9641181,Monte,Claye,mclayejv@artisteer.com,Male,64
85-2737050,Dee dee,Lippiello,dlippiellojw@netvibes.com,Female,50
14-9138858,Maisey,Jedraszek,mjedraszekjx@shop-pro.jp,Polygender,69
95-6804414,Pris,Hearon,phearonjy@latimes.com,Agender,61
36-9917031,Cissy,Greatham,cgreathamjz@bbb.org,Female,76
25-3308338,Jacquelynn,Brideaux,jbrideauxk0@istockphoto.com,Agender,49
85-4181305,Elfie,Huyghe,ehuyghek1@businesswire.com,Female,63
11-2386389,Jamey,Dudden,jduddenk2@github.io,Male,24
33-3216015,Sonnie,Swyre,sswyrek3@phoca.cz,Female,18
48-2317428,Leonidas,Orsay,lorsayk4@google.pl,Male,10
58-4256461,Philipa,Bertrand,pbertrandk5@stumbleupon.com,Female,24
96-0356897,Zeb,Seine,zseinek6@nyu.edu,Male,61
63-4813439,Rafe,Senter,rsenterk7@bing.com,Male,22
07-9034914,Ulrica,Carren,ucarrenk8@buzzfeed.com,Female,64
53-1675757,Kalle,Andrzej,kandrzejk9@wisc.edu,Male,21
42-1701640,Dougy,Priestner,dpriestnerka@yelp.com,Male,8
57-0715018,Marna,Sager,msagerkb@elpais.com,Polygender,77
60-5660816,Alyosha,Borton,abortonkc@quantcast.com,Genderfluid,31
76-8902674,Sonya,Sturdy,ssturdykd@php.net,Female,49
06-2671777,Gal,Kase,gkaseke@cloudflare.com,Male,66
72-7424537,Herby,Soulsby,hsoulsbykf@live.com,Male,64
40-5358748,Ky,McMichan,kmcmichankg@blogs.com,Male,21
42-9972397,Ali,Quilligan,aquilligankh@addthis.com,Genderqueer,26
20-9578591,Cynthie,Jull,cjullki@sun.com,Female,2
91-1113171,Delilah,Ikins,dikinskj@jimdo.com,Female,31
14-4732468,Bartlett,Derrett,bderrettkk@issuu.com,Male,24
07-3360231,Antonella,Matterson,amattersonkl@sourceforge.net,Female,37
46-4281875,Amelia,Gotcher,agotcherkm@feedburner.com,Female,56
90-5324924,Tomaso,Hallworth,thallworthkn@globo.com,Male,2
08-0928595,Rina,Rodrig,rrodrigko@ucoz.com,Female,21
98-9416793,Rubia,Turnell,rturnellkp@theatlantic.com,Female,52
28-9537509,Garfield,How to preserve,ghowtopreservekq@intel.com,Male,6
86-3164398,Jean,Greet,jgreetkr@constantcontact.com,Female,57
63-1165466,Yasmeen,Dunphy,ydunphyks@indiegogo.com,Female,25
60-3096446,Burr,Azam,bazamkt@adobe.com,Agender,36
82-8399694,Vin,Putley,vputleyku@studiopress.com,Male,18
19-2326467,Arlen,Fidgett,afidgettkv@admin.ch,Female,56
39-9171489,Inesita,Clabburn,iclabburnkw@google.ca,Female,66
10-2233121,Rycca,Muggleston,rmugglestonkx@opera.com,Female,64
04-7951232,Channa,Lutas,clutasky@squidoo.com,Female,47
85-0030367,Jordan,Mattson,jmattsonkz@people.com.cn,Male,73
68-3712208,Bay,Ortega,bortegal0@baidu.com,Male,45
87-2120292,Enrica,Honnicott,ehonnicottl1@examiner.com,Female,31
78-0097821,Chicky,Paolozzi,cpaolozzil2@weebly.com,Polygender,23
63-1219281,Noreen,Renvoise,nrenvoisel3@google.fr,Female,10
29-5210470,Lyman,Kunneke,lkunnekel4@tinyurl.com,Male,66
69-1900583,Claudell,Cowsby,ccowsbyl5@deliciousdays.com,Male,25
58-0790144,Gertruda,Cathersides,gcathersidesl6@admin.ch,Female,22
38-6097725,Britney,Shute,bshutel7@house.gov,Female,68
51-0180483,Zed,Brawley,zbrawleyl8@reference.com,Male,75
54-9070733,Frazier,Gilhooley,fgilhooleyl9@home.pl,Male,18
13-1517868,Caresse,Kinworthy,ckinworthyla@spiegel.de,Female,36
13-6699022,Carling,Burroughes,cburrougheslb@sbwire.com,Male,23
39-2955172,Sabina,Sharrard,ssharrardlc@nhs.uk,Female,18
92-5659416,Nalani,Paulin,npaulinld@so-net.ne.jp,Female,33
53-6078724,Sammie,McNickle,smcnicklele@blog.com,Male,55
49-0907869,Piggy,D'Alessio,pdalessiolf@4shared.com,Bigender,52
44-4191551,Windham,Knok,wknoklg@unesco.org,Male,29
20-8621777,Dehlia,Telling,dtellinglh@adobe.com,Female,65
93-7670395,Roman,Eversley,reversleyli@mapy.cz,Male,66
03-6045823,Trace,Itzig,titziglj@cisco.com,Male,29
77-4924401,Brod,McRobbie,bmcrobbielk@chron.com,Male,2
83-0373061,Beverlie,Cathrall,bcathrallll@drupal.org,Female,44
34-6100810,Micky,Magwood,mmagwoodlm@altervista.org,Female,54
97-8351278,Perry,Bessent,pbessentln@amazon.de,Male,31
49-9879079,Shane,Espinel,sespinello@spiegel.de,Female,67
22-3933714,Demetre,Godin,dgodinlp@odnoklassniki.ru,Male,62
95-5400317,Richy,Thoresby,rthoresbylq@cdc.gov,Male,66
93-0155307,Stephanie,Etheredge,setheredgelr@uiuc.edu,Female,4
79-0233796,Leighton,Topaz,ltopazls@pagesperso-orange.fr,Male,67
93-7023635,Millie,Haswell,mhaswelllt@vistaprint.com,Female,71
65-7184463,Addia,Woolfall,awoolfalllu@google.it,Female,25
07-0319072,Archer,Billham,abillhamlv@fema.gov,Male,69
32-6229824,Inness,Shimony,ishimonylw@state.gov,Male,14
45-5822338,Harriot,McAreavey,hmcareaveylx@slate.com,Female,2
11-4872745,Perice,Medford,pmedfordly@soup.io,Male,29
68-2065741,Hew,Camplen,hcamplenlz@123-reg.co.uk,Male,11
53-2138959,Brice,Bodycombe,bbodycombem0@mashable.com,Male,70
55-8310301,Ann-marie,Fruen,afruenm1@accuweather.com,Female,6
62-1593348,Tomas,Tollerfield,ttollerfieldm2@elpais.com,Male,16
17-5134833,Ardelia,Lau,alaum3@godaddy.com,Female,2
71-9678481,Quent,Fend,qfendm4@sourceforge.net,Male,40
32-9025274,Saunderson,O'Sherrin,sosherrinm5@cyberchimps.com,Male,60
12-3636421,Eugen,Pittaway,epittawaym6@skype.com,Male,16
80-5094123,Ad,Gellett,agellettm7@wikipedia.org,Male,79
46-5605800,Der,Alldridge,dalldridgem8@netscape.com,Male,31
25-5126681,Ruthi,Gouthier,rgouthierm9@eepurl.com,Female,50
38-3728151,Rutter,Lawie,rlawiema@examiner.com,Male,14
21-1560499,Irwin,Saill,isaillmb@jimdo.com,Male,68
53-3198893,Janie,McElroy,jmcelroymc@ca.gov,Non-binary,68
15-1150056,Leigha,Cardnell,lcardnellmd@epa.gov,Female,4
08-3262375,Drucie,Zanolli,dzanollime@joomla.org,Female,56
98-3076751,Stanley,Puttock,sputtockmf@netscape.com,Male,27
54-5990165,Randie,Bilyard,rbilyardmg@wsj.com,Male,45
36-7800581,Preston,O'Cooney,pocooneymh@accuweather.com,Male,12
44-4196894,Sharron,Dulson,sdulsonmi@moonfruit.com,Female,4
20-3868233,Godfry,Kinnaird,gkinnairdmj@whitehouse.gov,Male,46
71-8191374,Grantley,Braunton,gbrauntonmk@archive.org,Male,32
76-5268937,Percy,Mellmoth,pmellmothml@berkeley.edu,Male,26
37-8878665,Avictor,Innocent,ainnocentmm@zimbio.com,Male,47
55-8298053,Kylila,Ouchterlony,kouchterlonymn@last.fm,Female,49
40-1295296,Edwina,Pendry,ependrymo@phoca.cz,Female,21
83-6844066,Tuck,Ronaghan,tronaghanmp@google.co.uk,Male,43
66-8470994,Tuckie,Rodriguez,trodriguezmq@paypal.com,Male,25
05-9481675,Fonsie,Knighton,fknightonmr@ebay.co.uk,Male,80
72-6343275,Dani,Pennaman,dpennamanms@angelfire.com,Male,12
92-3508635,Melany,Dando,mdandomt@about.com,Female,52
92-0636162,Viki,Thewles,vthewlesmu@arizona.edu,Female,10
10-7306902,Tabby,Wormell,twormellmv@patch.com,Male,66
18-6077422,Vonny,Falla,vfallamw@tinypic.com,Female,52
51-3381313,Ara,Newcomb,anewcombmx@csmonitor.com,Female,25
68-1304930,Dennis,Grimsditch,dgrimsditchmy@posterous.com,Genderqueer,76
52-1187386,Amil,Tarpey,atarpeymz@imageshack.us,Female,50
15-3057951,Anthiathia,Cabena,acabenan0@opensource.org,Female,50
47-8807447,Carolann,Tassaker,ctassakern1@sina.com.cn,Female,43
72-6609814,Nell,Phelipeaux,nphelipeauxn2@smh.com.au,Female,58
43-5954099,Crawford,Elmhirst,celmhirstn3@addtoany.com,Male,42
18-1557683,Lorrayne,Osgar,losgarn4@bigcartel.com,Female,40
06-4695820,Karel,Balsdon,kbalsdonn5@csmonitor.com,Female,27
78-7759175,Alfy,Smissen,asmissenn6@imgur.com,Male,28
36-5024284,Vivianna,Rashleigh,vrashleighn7@nationalgeographic.com,Female,29
88-5256496,Thurston,Blasi,tblasin8@ox.ac.uk,Male,12
06-4685152,Zaccaria,Blampey,zblampeyn9@tamu.edu,Male,35
75-6305204,Ase,Stillmann,astillmannna@go.com,Male,7
14-2453251,Montague,Olivetta,molivettanb@blogs.com,Agender,77
56-3911464,Brittni,Ellor,bellornc@nih.gov,Bigender,45
70-2153380,Toby,Vittet,tvittetnd@google.it,Genderqueer,11
04-0995285,Virgilio,McPartlin,vmcpartlinne@hp.com,Male,14
01-2674134,Bari,Jervoise,bjervoisenf@seesaa.net,Female,39
14-8174739,Marthe,Dunlea,mdunleang@typepad.com,Female,36
49-4863321,Tova,Popplewell,tpopplewellnh@ucoz.com,Female,24
22-3162381,Coleman,Duffrie,cduffrieni@nba.com,Male,74
46-3918357,Siffre,Parnham,sparnhamnj@stumbleupon.com,Male,5
97-3312855,Zerk,Bessom,zbessomnk@msn.com,Male,8
60-0713254,Jannel,Fidian,jfidiannl@cnet.com,Agender,27
32-6849634,Jaymie,Leivers,jleiversnm@people.com.cn,Male,80
67-6151077,Jud,Boas,jboasnn@histats.com,Male,39
63-6589820,Giana,Stemp,gstempno@tmall.com,Female,31
02-6507225,Elwood,Fernanando,efernanandonp@umn.edu,Male,80
51-3658315,Rip,Dalmon,rdalmonnq@163.com,Male,20
88-9949591,Minny,Newberry,mnewberrynr@multiply.com,Female,38
82-2803155,Steffie,Huntingford,shuntingfordns@sun.com,Female,64
66-8832547,Kania,Tawn,ktawnnt@canalblog.com,Female,25
00-7447782,Astrix,Swaton,aswatonnu@addthis.com,Female,18
05-5749130,Fara,Mosten,fmostennv@comsenz.com,Female,54
52-8718130,Oralie,Jenk,ojenknw@unblog.fr,Agender,25
36-6590986,Kali,McCook,kmccooknx@nyu.edu,Female,6
47-1547476,Kile,Callan,kcallanny@imdb.com,Male,5
85-0687178,Chip,Dyett,cdyettnz@skyrock.com,Male,74
95-1321926,Harwell,Stowte,hstowteo0@de.vu,Non-binary,56
91-7338831,Colly,Oslar,coslaro1@w3.org,Female,10
00-3817969,Raven,Axtens,raxtenso2@cnet.com,Female,68
35-6120435,Merry,Chettle,mchettleo3@umich.edu,Male,76
83-4858296,Dunn,Brou,dbrouo4@comsenz.com,Genderqueer,24
85-8716426,Amye,Stenett,astenetto5@virginia.edu,Polygender,11
92-0916993,Rachael,Gannicott,rgannicotto6@irs.gov,Female,59
55-5204838,Loydie,Rhymer,lrhymero7@phpbb.com,Male,53
96-3129160,Debra,Totton,dtottono8@ifeng.com,Female,29
42-1630766,Winn,L' Anglois,wlangloiso9@prweb.com,Male,48
40-0777631,Vinson,Boom,vboomoa@webmd.com,Male,30
17-1152631,Tamra,Speeding,tspeedingob@scientificamerican.com,Female,46
66-7993126,Elysia,Mawford,emawfordoc@macromedia.com,Female,37
56-6070128,Dimitry,Philcott,dphilcottod@hao123.com,Male,26
38-3687156,Charlotta,Raff,craffoe@aboutads.info,Female,64
59-4694673,Meghann,Punton,mpuntonof@kickstarter.com,Female,38
48-0972723,Ebeneser,Albinson,ealbinsonog@nationalgeographic.com,Male,62
69-4820935,Brittaney,Manntschke,bmanntschkeoh@theglobeandmail.com,Female,37
83-0903590,Kippy,Scalera,kscaleraoi@nyu.edu,Male,11
06-1498150,Yulma,Denison,ydenisonoj@1688.com,Male,47
83-0513927,Eada,Dron,edronok@uol.com.br,Female,75
63-5300878,Nefen,Mazzey,nmazzeyol@webeden.co.uk,Male,2
94-3006818,Ettore,Shord,eshordom@illinois.edu,Male,63
36-5108369,Ulric,Josebury,ujoseburyon@freewebs.com,Male,60
48-1948315,Niel,Wroughton,nwroughtonoo@deliciousdays.com,Male,13
79-6580106,Ailina,Grimme,agrimmeop@myspace.com,Female,25
35-0474778,Lucian,Bus,lbusoq@usgs.gov,Non-binary,22
67-1868642,Chancey,Ghirigori,cghirigorior@php.net,Male,55
74-4445999,Andros,Adam,aadamos@admin.ch,Male,23
72-5169191,Gusti,Burnside,gburnsideot@dailymail.co.uk,Female,57
95-3682752,Flint,Richfield,frichfieldou@sakura.ne.jp,Male,26
23-9658638,Janka,O'Dennehy,jodennehyov@nbcnews.com,Female,75
50-4033182,Chico,Cranton,ccrantonow@ibm.com,Non-binary,6
94-9078482,Wilma,Camacke,wcamackeox@wired.com,Female,76
14-8328876,Janis,Pawlowicz,jpawlowiczoy@toplist.cz,Female,78
72-9094809,Brigitte,See,bseeoz@java.com,Female,9
06-8752495,Morton,Stambridge,mstambridgep0@de.vu,Male,73
04-7077309,Fernandina,Endricci,fendriccip1@foxnews.com,Female,68
42-0500801,Janis,Emloch,jemlochp2@spotify.com,Female,18
27-5665993,Hamil,Tiernan,htiernanp3@pen.io,Male,70
93-4865511,Vinnie,Tubble,vtubblep4@npr.org,Male,33
45-9455461,Myer,Wintle,mwintlep5@ucsd.edu,Male,7
34-4250951,Frayda,Luebbert,fluebbertp6@irs.gov,Female,34
70-6037208,Carmita,Bew,cbewp7@si.edu,Female,72
70-9174010,Chery,Cade,ccadep8@toplist.cz,Female,63
19-5200455,Neddy,Schuelcke,nschuelckep9@elegantthemes.com,Male,71
88-0342820,Dominique,Maberley,dmaberleypa@symantec.com,Female,43
69-3118866,Arlene,Hesbrook,ahesbrookpb@msn.com,Female,65
07-6823049,Melisa,Gallifont,mgallifontpc@twitter.com,Female,70
65-4142337,Delmor,Ranby,dranbypd@yahoo.co.jp,Male,6
41-5582268,Lila,Bedburrow,lbedburrowpe@time.com,Female,16
59-5093544,Betsy,Pittway,bpittwaypf@github.io,Female,4
49-3736927,Valerye,Drawmer,vdrawmerpg@state.tx.us,Female,75
50-2114353,Theresita,Aldam,taldamph@plala.or.jp,Female,20
14-6751607,Tory,Lathe,tlathepi@umn.edu,Female,1
92-4893509,Vikki,Barclay,vbarclaypj@about.com,Female,80
23-8226977,Egan,Devey,edeveypk@wisc.edu,Agender,57
86-4192368,Quint,Stoeckle,qstoecklepl@ycombinator.com,Male,58
35-3551783,Sven,Saunter,ssaunterpm@fotki.com,Male,11
49-0128518,Saxon,Cloney,scloneypn@prnewswire.com,Male,40
04-8094011,Filia,Bozward,fbozwardpo@tmall.com,Female,44
55-5949521,Kitty,Karlicek,kkarlicekpp@instagram.com,Female,3
47-0736216,Dorey,Diggins,ddigginspq@blog.com,Female,77
68-6429793,Josh,Poulden,jpouldenpr@over-blog.com,Male,7
80-5417282,Sada,Swaine,sswaineps@blogger.com,Genderfluid,16
75-9525630,Franciskus,Shadwick,fshadwickpt@odnoklassniki.ru,Male,59
22-6943241,Jemmie,Roalfe,jroalfepu@creativecommons.org,Genderfluid,64
64-1785345,Mike,Duffett,mduffettpv@w3.org,Male,71
80-0037055,Christa,Lipprose,clipprosepw@macromedia.com,Female,69
10-8981824,Margaretha,Molines,mmolinespx@yellowpages.com,Female,58
86-8974413,Yoko,Kerfoot,ykerfootpy@edublogs.org,Female,27
47-3387886,Emanuele,Goldhill,egoldhillpz@booking.com,Male,30
89-4325521,Alan,Frape,afrapeq0@ovh.net,Male,20
84-7044352,Corrianne,MacConnulty,cmacconnultyq1@princeton.edu,Female,21
44-8294234,Bambie,Mougin,bmouginq2@altervista.org,Female,2
17-3947918,Kimberlyn,Allender,kallenderq3@netscape.com,Female,59
35-6354935,Seamus,Stoneham,sstonehamq4@flickr.com,Male,25
32-4321901,Bennett,Atack,batackq5@about.me,Male,75
82-4075760,Wolfie,Robatham,wrobathamq6@home.pl,Male,9
90-7012575,Ware,Weinberg,wweinbergq7@sfgate.com,Male,26
36-7092086,Shannon,Bracegirdle,sbracegirdleq8@chicagotribune.com,Male,16
42-6261189,Mordecai,Cakebread,mcakebreadq9@netscape.com,Male,36
58-3861373,Avrom,Francesch,afranceschqa@facebook.com,Male,66
61-4790878,Alikee,McCarrick,amccarrickqb@parallels.com,Female,2
94-8172171,Cirstoforo,Noad,cnoadqc@unicef.org,Male,57
18-8980043,Aube,Gater,agaterqd@columbia.edu,Male,77
00-9564856,Brigitte,Rooney,brooneyqe@usa.gov,Female,22
07-4362074,Morrie,Tellett,mtellettqf@mlb.com,Male,67
07-7401423,Faustine,Klaas,fklaasqg@skype.com,Female,49
21-1040357,Chester,Pawlick,cpawlickqh@youtu.be,Genderfluid,22
78-4259038,Bernardine,Baldick,bbaldickqi@independent.co.uk,Female,26
83-5263338,Phillis,Narrie,pnarrieqj@xinhuanet.com,Female,65
01-4952070,Mycah,Boyle,mboyleqk@eepurl.com,Male,37
77-6282752,Meryl,Schustl,mschustlql@shinystat.com,Male,4
16-2613880,Lorrin,Tart,ltartqm@prnewswire.com,Female,10
58-7103534,Rodrick,McAreavey,rmcareaveyqn@skyrock.com,Male,29
13-7861554,Bessie,Linggard,blinggardqo@uiuc.edu,Female,76
25-6513764,Paige,Rome,promeqp@twitter.com,Female,53
24-5251474,Joline,Corneck,jcorneckqq@gizmodo.com,Female,60
25-0684001,Menard,Wadeling,mwadelingqr@phpbb.com,Male,21
12-4296419,Celle,Rollin,crollinqs@free.fr,Female,62
87-6321962,Patience,Caldera,pcalderaqt@apache.org,Female,6
83-9194485,Ainslie,Tappington,atappingtonqu@nps.gov,Female,42
19-2614797,Florette,Flatte,fflatteqv@princeton.edu,Female,36
27-0660203,Kelli,Petrozzi,kpetrozziqw@slashdot.org,Bigender,32
40-5991361,Benton,Clemas,bclemasqx@reddit.com,Male,6
78-0691432,Danika,Chue,dchueqy@rakuten.co.jp,Female,32
90-3662426,Goran,Rubenczyk,grubenczykqz@qq.com,Male,23
77-1885637,Evanne,Lovick,elovickr0@mail.ru,Female,71
40-5241404,Amitie,Thunderman,athundermanr1@mit.edu,Female,79
45-4245977,Barri,Stoyles,bstoylesr2@toplist.cz,Male,78
20-8356405,Analiese,Climar,aclimarr3@51.la,Female,70
06-6332410,Shae,Edgeler,sedgelerr4@craigslist.org,Female,7
93-3193637,Yoshiko,Flockhart,yflockhartr5@hud.gov,Female,25
11-0023356,Kip,Judron,kjudronr6@dion.ne.jp,Male,38
50-7903612,Ellwood,Wartnaby,ewartnabyr7@mozilla.org,Male,13
17-1891291,Tobin,Shinefield,tshinefieldr8@mtv.com,Male,37
29-6111929,Vittorio,Corbishley,vcorbishleyr9@ox.ac.uk,Male,63
14-2598649,Englebert,Burress,eburressra@joomla.org,Male,27
74-9612569,Inez,Keyho,ikeyhorb@rediff.com,Female,24
95-4247586,Von,Ashmole,vashmolerc@trellian.com,Male,4
88-7468995,Mady,Hayles,mhaylesrd@vk.com,Female,37
10-8157310,Aura,Plesing,aplesingre@devhub.com,Female,20
24-0619988,Darsie,Joscelyne,djoscelynerf@opera.com,Female,42
78-2886482,Eben,Nestoruk,enestorukrg@who.int,Male,63
12-5591097,Artur,Coon,acoonrh@sbwire.com,Male,14
95-6432516,Cole,Wycliffe,cwyclifferi@purevolume.com,Male,49
34-1333429,Marve,Tack,mtackrj@ebay.com,Male,59
29-5944825,Carly,McGready,cmcgreadyrk@goo.ne.jp,Male,15
07-1436898,Ferdinand,Clouter,fclouterrl@indiegogo.com,Male,60
42-0818134,Regine,Gosnay,rgosnayrm@boston.com,Female,45
35-9551292,Lombard,Allmond,lallmondrn@merriam-webster.com,Male,34
71-0970192,Bird,Gallaccio,bgallaccioro@statcounter.com,Female,43
50-2692617,Marieann,Fere,mfererp@engadget.com,Female,52
85-2734449,Clint,Borwick,cborwickrq@histats.com,Male,61
59-0055885,Windham,Pellamonuten,wpellamonutenrr@privacy.gov.au,Male,70
